dataset,model,accuracy,invalid_answers,cleaned_accuracy
ISOT,gpt-4o-mini,0.7591623036649214,0.0,0.7591623036649214
ISOT,gpt-4o,0.8429319371727748,0.01780104712041885,0.8582089552238806
ISOT,o1-mini_max1024,0.6481675392670158,0.030366492146596858,0.6684665226781857
ISOT,o1-mini_max3x,0.606282722513089,0.048167539267015703,0.636963696369637
LIAR2,gpt-4o-mini,0.6755226480836237,0.0,0.6755226480836237
LIAR2,gpt-4o,0.681184668989547,0.0,0.681184668989547
LIAR2,o1-mini,0.5648954703832753,0.12630662020905922,0.6465603190428714